Frequency (nm),Sample,Lower_CI,Central,Upper_CI,Deviation
900.656,H,10.852713,25.81726,63.09013,13.98188527
905.393,H,11.358575,26.218804,63.255817,13.89833501
910.129,H,11.088296,26.23424,64.176244,13.95952911
914.866,H,11.913358,26.417855,64.484453,13.63441467
919.602,H,12.988651,26.597747,63.70192,13.49511422
924.339,H,13.57519,26.861995,63.77427,13.35754889
929.075,H,13.983841,27.038271,64.390856,13.4048867
933.812,H,14.071704,26.994367,63.952076,13.43018867
938.549,H,13.972223,26.618178,63.364255,13.29262051
943.285,H,13.626304,26.069655,62.77445,13.30201249
948.022,H,13.411485,25.5832915,61.475724,13.22725623
952.758,H,12.795755,24.489899,58.80901,12.50945231
957.495,H,12.691617,24.373568,58.271736,12.49293481
962.231,H,12.606636,24.474627,58.149356,12.51793955
966.968,H,12.698849,24.4979635,58.6333,12.55612141
971.704,H,12.947252,24.7960275,58.743167,12.48795719
976.441,H,13.283208,25.245175,59.19347,12.52730185
981.178,H,13.618676,25.609069,59.395,12.49404256
985.914,H,13.912515,25.833784,60.072374,12.50581424
990.651,H,14.109743,26.164117,60.85157,12.59524055
995.387,H,14.46541,26.570257,61.31687,12.7749542
1000.12,H,14.671467,27.0045925,61.95437,12.93697074
1004.86,H,14.681892,27.387243,62.85311,13.16181248
1009.6,H,14.930555,27.7656925,63.89557,13.373263
1014.33,H,15.18162,28.14172,65.054744,13.63355507
1019.07,H,15.30953,28.477478,66.37099,13.90163998
1023.81,H,15.449183,28.871473,67.626375,14.17414368
1028.54,H,15.555556,29.2336235,68.719673,14.4162304
1033.28,H,15.827575,29.733317,70.025486,14.69011695
1038.02,H,16.105524,30.160752,70.98907,14.92373887
1042.75,H,16.378462,30.7440075,72.08944,15.16168147
1047.49,H,16.633065,31.173207,72.80691,15.35607143
1052.23,H,16.966513,31.553755,75.15236,15.5705725
1056.96,H,17.136548,32.1403665,75.82041,15.84883528
1061.7,H,17.299007,32.7920965,76.54243,16.11696986
1066.44,H,17.486161,32.9948635,77.586824,16.31932454
1071.17,H,17.566445,33.199685,77.62826,16.41623875
1075.91,H,17.632242,33.1632835,77.7082,16.32177502
1080.65,H,17.871326,33.1728445,77.73312,16.12304163
1085.38,H,17.24846,32.795681,76.13742,15.91262459
1090.12,H,17.192268,32.287383,75.76087,15.6660994
1094.85,H,17.039403,31.88109,74.509805,15.45580891
1099.59,H,16.470589,31.346684,73.75133,15.32406918
1104.33,H,16.116871,30.677723,72.54902,15.26870442
1109.06,H,15.537849,29.988325,70.54455,15.14118816
1113.8,H,15.321375,29.26932,69.39068,14.93399881
1118.54,H,14.655717,28.173575,67.01434,14.42794512
1123.27,H,13.733228,26.5352535,63.11971,13.6187861
1128.01,H,12.541074,24.165993,58.342075,12.52892755
1132.75,H,11.219081,21.7771955,52.087915,11.27474986
1137.48,H,9.945184,19.4135875,47.13376,10.17221245
1142.22,H,9.0158045,17.733402,42.974615,9.339223864
1146.96,H,8.6108305,16.772309,40.580204,8.787464925
1151.69,H,8.179897,16.0147495,39.07738,8.447354868
1156.43,H,7.992037,15.542689,38.146067,8.223528199
1161.17,H,7.8228086,15.2927535,37.605262,8.133567904
1165.9,H,7.723949,15.079291,37.368292,8.045213818
1170.64,H,7.568547,14.8245195,36.64853,7.937020573
1175.38,H,7.379284,14.4730495,35.974994,7.778699736
1180.11,H,7.214612,14.266839,35.425764,7.634211222
1184.85,H,7.183,14.103972,35.002646,7.535694469
1189.59,H,7.183121,13.992714,34.719712,7.494812748
1194.32,H,7.0379436,13.859006,34.739456,7.469931143
1199.06,H,7.0958644,13.842444,34.46182,7.464829126
1203.8,H,7.1374334,13.8997745,34.79614,7.509836231
1208.53,H,7.235325,14.206928,35.46326,7.661656764
1213.27,H,7.486293,14.61445,37.014315,7.90148887
1218.01,H,7.859079,15.209445,38.543853,8.192189556
1222.74,H,8.160893,15.6478545,39.693877,8.406381895
1227.48,H,8.431044,16.0405175,40.533188,8.645840008
1232.22,H,8.475509,16.2943445,41.481265,8.843522963
1236.95,H,8.691835,16.6931475,42.312387,9.007324297
1241.69,H,8.859623,16.994645,42.323902,9.113372096
1246.42,H,8.956547,17.1656505,42.536443,9.230522153
1251.16,H,8.910607,17.2842085,42.742175,9.248920277
1255.9,H,8.905579,17.3235385,42.86177,9.347875437
1260.63,H,8.819914,17.2601005,43.25105,9.350543138
1265.37,H,8.769879,17.2333855,42.727274,9.339608304
1270.11,H,8.7417215,16.980919,42.531356,9.2829929
1274.84,H,8.584925,16.853578,42.276797,9.228202174
1279.58,H,8.407163,16.6248535,41.665083,9.081654373
1284.32,H,8.2854494,16.3977155,40.483382,8.923459331
1289.05,H,8.029197,15.961024,39.91024,8.711214264
1293.79,H,7.8996755,15.4972785,38.636363,8.463493357
1298.53,H,7.4532025,14.897114,37.34305,8.212198049
1303.26,H,7.138253,14.2579945,36.000544,7.901796565
1308,H,6.754017,13.5748745,34.648675,7.560814461
1312.74,H,6.370996,12.7952945,32.70179,7.181891503
1317.47,H,5.9600826,12.0481095,30.976295,6.805614247
1322.21,H,5.5247158,11.2451992,28.930458,6.415243038
1326.95,H,5.1062003,10.44628395,27.15468,6.061669748
1331.68,H,4.6823893,9.6445375,25.63849,5.720879691
1336.42,H,4.2298485,9.0000165,24.371016,5.478767997
1341.16,H,3.8030144,8.31679725,23.169225,5.222954472
1345.89,H,3.4116585,7.73898375,22.12991,5.022814084
1350.63,H,3.0634105,7.1461035,21.059322,4.814318896
1355.37,H,2.8122956,6.63599575,20.06214,4.577645342
1360.1,H,2.537244,6.12484885,19.171852,4.317993422
1364.84,H,2.2716947,5.6180027,17.671366,4.012923608
1369.58,H,1.9490942,5.0483532,16.246101,3.690054256
1374.31,H,1.5602837,4.4002761,14.357351,3.254546252
1379.05,H,1.2727273,3.77559225,12.512991,2.811089827
1383.79,H,0.9920635,3.1766053,11.080649,2.443869886
1388.52,H,0.8193669,2.7369842,10.011919,2.184939003
1393.26,H,0.6610995,2.4431292,9.2780426,2.019886642
1397.99,H,0.5585437,2.2477635,8.843688,1.904787539
1402.73,H,0.4952129,2.09875785,8.521579,1.816236293
1407.47,H,0.4832474,2.0671692,8.304631,1.778767194
1412.2,H,0.4639175,1.99876045,8.2030594,1.750956056
1416.94,H,0.4449058,1.95146955,8.051719,1.717271129
1421.68,H,0.4514036,1.9410434,8.0182925,1.712275528
1426.41,H,0.4836228,1.9009633,7.942417,1.680802296
1431.15,H,0.4639773,1.89326255,7.9639174,1.671238533
1435.89,H,0.4795231,1.870415,7.983559,1.657614123
1440.62,H,0.4621747,1.8954705,7.993668,1.659298092
1445.36,H,0.4753673,1.86475835,7.961505,1.653613398
1450.1,H,0.4811394,1.87644335,8.016779,1.648976456
1454.83,H,0.4787962,1.88711625,7.966672,1.654278833
1459.57,H,0.4684389,1.9072164,7.964343,1.671083994
1464.31,H,0.5095738,1.92111285,8.0048926,1.676647312
1469.04,H,0.5296219,1.9520709,8.089345,1.664196064
1473.78,H,0.5291657,1.9808501,8.162181,1.69653331
1478.52,H,0.5420054,2.04458785,8.187977,1.722275528
1483.25,H,0.5711128,2.09668315,8.3429895,1.751594463
1487.99,H,0.5930088,2.15838645,8.418062,1.791393878
1492.73,H,0.6330197,2.25317705,8.586195,1.827539538
1497.46,H,0.6546645,2.36813245,8.812187,1.896175331
1502.2,H,0.681699,2.5000101,8.881506,1.96881457
1506.94,H,0.7109586,2.59639945,9.065473,2.014765366
1511.67,H,0.7928118,2.74164405,9.372157,2.071595394
1516.41,H,0.8147254,2.8859148,9.503394,2.149048709
1521.15,H,0.8395221,3.05093685,9.562663,2.218872884
1525.88,H,0.9501188,3.2086647,10.0105,2.2694205
1530.62,H,1.0148604,3.3138121,10.003573,2.314309329
1535.35,H,1.0408635,3.43594485,10.1309046,2.386770253
1540.09,H,1.1035654,3.59562275,10.476619,2.467260204
1544.83,H,1.2552301,3.7408948,10.723982,2.506653216
1549.56,H,1.2899263,3.8870356,11.013216,2.543348019
1554.3,H,1.1801242,4.02958815,11.2286,2.660153423
1559.04,H,1.2958963,4.1531824,11.3167636,2.72553964
1563.77,H,1.2600229,4.3657612,11.8421055,2.799254373
1568.51,H,1.3274336,4.5397595,11.9140625,2.921614794
1573.25,H,1.2048192,4.70003435,12.4087594,3.067658573
1577.98,H,1.1466011,4.93351565,12.978369,3.261107081
1582.72,H,0.9345794,5.1751684,13.446215,3.451059262
1587.46,H,0.8403362,5.4421768,14.088051,3.688179105
1592.19,H,0.5148005,5.781866,14.494681,4.03147768
1596.93,H,0,6.10035435,15.27559,4.484030308
1601.67,H,-0.2197802,6.4293785,16.736402,4.937925221
1606.4,H,-1.0928961,7.026394,17.857143,5.608595834
900.656,BCC,9.2307694,21.085301,47.465438,11.04956728
905.393,BCC,9.4382025,21.3552715,48.181817,10.80859838
910.129,BCC,9.6045196,21.5654255,47.398844,10.87584112
914.866,BCC,10.15625,21.4404365,47.34918,10.79473751
919.602,BCC,11.047836,21.02904,46.726862,10.29387624
924.339,BCC,11.143021,20.7246765,47.336066,10.15701448
929.075,BCC,11.4583336,20.6718665,48.34314,9.962263128
933.812,BCC,11.427112,20.531927,47.698972,9.910535125
938.549,BCC,11.210706,19.8868155,46.537328,9.778978458
943.285,BCC,11.0167034,19.502052,45.347208,9.768306136
948.022,BCC,10.600058,19.200533,44.320244,9.704180631
952.758,BCC,10.087404,18.126268,41.850504,9.30481416
957.495,BCC,9.904595,18.0215955,41.355306,9.362585321
962.231,BCC,10.050983,18.171959,41.505536,9.468515392
966.968,BCC,10.17524,18.373625,42.56738,9.558154169
971.704,BCC,10.346184,18.650637,42.81768,9.571750255
976.441,BCC,10.5465,18.922937,43.186477,9.634835945
981.178,BCC,10.837727,19.5283575,43.2266,9.530813733
985.914,BCC,11.136624,20,43.905398,9.655185137
990.651,BCC,11.2912245,20.033932,44.424987,9.672747097
995.387,BCC,11.440678,20.34702,45.81545,9.718239759
1000.12,BCC,11.660951,20.6252965,46.594647,9.889131355
1004.86,BCC,11.808847,21.0174535,47.514033,10.08311437
1009.6,BCC,12.040134,21.1483235,48.23741,10.21390401
1014.33,BCC,12.182269,21.7309715,49.326146,10.42327044
1019.07,BCC,12.503119,22.0417965,50.535715,10.60874401
1023.81,BCC,12.589777,22.408054,51.85022,10.8314378
1028.54,BCC,12.759374,22.7881615,52.20352,11.04223288
1033.28,BCC,13.106245,23.2593605,52.959555,11.25855747
1038.02,BCC,13.257894,23.693492,53.841674,11.4406984
1042.75,BCC,13.635767,24.1225065,54.994744,11.59877775
1047.49,BCC,13.863242,24.612812,55.155206,11.74170318
1052.23,BCC,14.060639,25.1674135,55.14832,11.90116363
1056.96,BCC,14.084075,25.6577335,56.18597,12.25107774
1061.7,BCC,14.247967,26.1513975,58.5625,12.60431517
1066.44,BCC,14.285715,26.6516895,60.59524,12.78953838
1071.17,BCC,14.62063,27.00188,61.48677,12.89118715
1075.91,BCC,14.477524,27.1240115,62.7907,12.87982271
1080.65,BCC,14.72,26.905565,60.841936,12.8139082
1085.38,BCC,14.91228,26.6121745,59.17782,12.57677658
1090.12,BCC,14.391534,26.2059065,57.55396,12.35256255
1094.85,BCC,14.271152,25.6425635,56.071806,12.03848627
1099.59,BCC,14.02321,25.011848,54.89642,11.87232944
1104.33,BCC,13.869864,24.4100005,53.583914,11.77268856
1109.06,BCC,13.099772,23.5495205,52.99501,11.66184434
1113.8,BCC,12.836438,22.8842935,52.397746,11.52354353
1118.54,BCC,12.0450035,21.8434215,50.489235,11.1341934
1123.27,BCC,11.147721,20.5630885,47.349823,10.57865265
1128.01,BCC,10.171149,18.423039,42.908347,9.639696456
1132.75,BCC,8.814318,16.28671,38.080359,8.739965379
1137.48,BCC,7.5679936,14.277262,33.939874,7.90264588
1142.22,BCC,6.9920845,12.87223,31.21235,7.240891546
1146.96,BCC,6.535726,12.34176,29.311496,6.864833029
1151.69,BCC,6.3859455,11.8052142,28.151384,6.597445959
1156.43,BCC,6.158057,11.519935,27.332965,6.478017374
1161.17,BCC,6.018981,11.21497925,27.23272,6.384455727
1165.9,BCC,5.9827007,11.1945875,27.133787,6.336334834
1170.64,BCC,5.8702793,11.03647525,26.542136,6.240207966
1175.38,BCC,5.7251185,10.836906,26.219392,6.166115379
1180.11,BCC,5.6095738,10.6669025,25.90782,6.071147246
1184.85,BCC,5.567278,10.64368,25.5794,6.029527779
1189.59,BCC,5.579139,10.5658895,25.479367,5.993103962
1194.32,BCC,5.6297157,10.4930495,25.384277,5.962685509
1199.06,BCC,5.703532,10.5510292,25.454545,5.964080301
1203.8,BCC,5.892413,10.7034132,25.500083,5.998421077
1208.53,BCC,6.010209,10.870651,25.776964,6.104516953
1213.27,BCC,6.2293276,11.1867815,26.508924,6.271439812
1218.01,BCC,6.560759,11.513533,27.548024,6.435586393
1222.74,BCC,6.836784,11.8816515,28.113964,6.640557749
1227.48,BCC,6.8738475,12.0257213,28.826532,6.759153515
1232.22,BCC,6.997491,12.1834845,29.43514,6.898059003
1236.95,BCC,6.996587,12.4542382,29.53668,6.981088902
1241.69,BCC,7.124164,12.473573,30.105197,7.026453837
1246.42,BCC,7.2072074,12.531074,30.198914,7.071062988
1251.16,BCC,7.188406,12.583927,30.60457,7.107408845
1255.9,BCC,7.062818,12.625076,30.69719,7.122179417
1260.63,BCC,6.8719774,12.528506,30.633894,7.163091233
1265.37,BCC,6.8899974,12.41991625,30.534884,7.11299259
1270.11,BCC,6.676916,12.248315,30.348915,7.051158477
1274.84,BCC,6.523997,12.01781855,30.05276,6.996404352
1279.58,BCC,6.42485,11.8425925,29.482722,6.877398774
1284.32,BCC,6.322254,11.6184435,29.006234,6.762078628
1289.05,BCC,6.1018072,11.3158705,28.29444,6.566447814
1293.79,BCC,5.8086738,10.8865585,27.251333,6.400021699
1298.53,BCC,5.588109,10.3992687,26.459882,6.164150353
1303.26,BCC,5.3229906,9.88370875,25.357243,5.919234589
1308,BCC,5.0096586,9.2902955,24.162048,5.645384137
1312.74,BCC,4.6467938,8.7019813,23.350316,5.356517899
1317.47,BCC,4.3370508,8.2072657,22.047244,5.032884878
1322.21,BCC,4.0412605,7.68906995,20.882353,4.749697839
1326.95,BCC,3.6904924,7.132242,19.655955,4.469404755
1331.68,BCC,3.4009047,6.5793195,18.41716,4.16618077
1336.42,BCC,3.0313069,6.0355671,17.52169,3.919350236
1341.16,BCC,2.7555555,5.56432105,16.571005,3.726465735
1345.89,BCC,2.3688288,5.1571315,15.964143,3.579473086
1350.63,BCC,2.0991603,4.7638603,15.379581,3.404857266
1355.37,BCC,1.8791374,4.4220246,14.675187,3.22904554
1360.1,BCC,1.6802017,4.1097341,14.122137,3.049925598
1364.84,BCC,1.4740846,3.7255175,13.287641,2.830419561
1369.58,BCC,1.2647187,3.3803843,12.506826,2.58920573
1374.31,BCC,1.0195036,2.93633685,11.218441,2.370827356
1379.05,BCC,0.8678403,2.54813795,10.077121,2.082351788
1383.79,BCC,0.6107171,2.1854066,9.459984,1.905948678
1388.52,BCC,0.5191916,1.91618165,9.0791896,1.699691151
1393.26,BCC,0.4372624,1.78413095,8.680793,1.649277403
1397.99,BCC,0.3948313,1.6416087,8.359361,1.574533587
1402.73,BCC,0.3964758,1.5938219,8.4374495,1.525657277
1407.47,BCC,0.3160556,1.5698362,8.1856675,1.501825009
1412.2,BCC,0.3365304,1.53971555,8.00464,1.488029652
1416.94,BCC,0.3051719,1.49754755,8.015267,1.509025022
1421.68,BCC,0.3366531,1.4696379,8.010336,1.404011797
1426.41,BCC,0.326087,1.46556805,8.019376,1.454458797
1431.15,BCC,0.3094379,1.43555285,7.955858,1.43318328
1435.89,BCC,0.3391062,1.4501516,7.9439834,1.416484813
1440.62,BCC,0.3506227,1.42692265,7.871983,1.411414003
1445.36,BCC,0.3404555,1.4077194,7.928756,1.414903271
1450.1,BCC,0.3432494,1.42709975,7.8105286,1.395500975
1454.83,BCC,0.3589109,1.42961175,7.86295,1.399161778
1459.57,BCC,0.3647971,1.4626512,7.789433,1.406508054
1464.31,BCC,0.3429997,1.48178205,7.9889804,1.442415358
1469.04,BCC,0.3639779,1.47464025,7.8335084,1.423874269
1473.78,BCC,0.3984652,1.5186572,7.8777544,1.447675148
1478.52,BCC,0.4005168,1.56832,7.962991,1.482068546
1483.25,BCC,0.4059101,1.59554445,7.958834,1.488109759
1487.99,BCC,0.4179985,1.63657675,8.113392,1.534674848
1492.73,BCC,0.4464286,1.7128816,8.274678,1.522044528
1497.46,BCC,0.4168403,1.7886867,8.354431,1.607609023
1502.2,BCC,0.4805592,1.95013635,8.487373,1.681032201
1506.94,BCC,0.4458977,1.9910191,8.5995086,1.724846867
1511.67,BCC,0.4898759,2.1363493,8.810811,1.843872872
1516.41,BCC,0.5371531,2.2459615,8.8607594,1.874269619
1521.15,BCC,0.5245902,2.4016012,8.8814564,1.959500989
1525.88,BCC,0.5941978,2.4702101,9.072742,2.008543635
1530.62,BCC,0.5860193,2.53651385,9.256953,2.086432002
1535.35,BCC,0.5695688,2.6448374,9.206963,2.096482798
1540.09,BCC,0.6921824,2.72408245,9.5432304,2.150899898
1544.83,BCC,0.7433319,2.81005455,9.4223484,2.171127031
1549.56,BCC,0.8321775,2.92948015,9.8345585,2.223171168
1554.3,BCC,0.7793473,3.05971,9.710219,2.286876471
1559.04,BCC,0.6792059,3.15520445,10.046608,2.406786617
1563.77,BCC,0.6744328,3.3105023,10.342679,2.505206421
1568.51,BCC,0.6887052,3.4149368,10.5860114,2.550660736
1573.25,BCC,0.7199424,3.6218703,10.8497724,2.67221884
1577.98,BCC,0.6024096,3.8048478,11.1398965,2.772620077
1582.72,BCC,0.3762935,4.0193733,11.363637,3.084403591
1587.46,BCC,0.1398602,4.2391304,11.820331,3.271305839
1592.19,BCC,0,4.57334015,12.739725,3.628450897
1596.93,BCC,-0.5050505,4.915435,13.343799,4.091605578
1601.67,BCC,-1.2915129,5.04135,14.337568,4.461449903
1606.4,BCC,-1.7857144,5.6278153,15.43943,5.08934557
900.656,SCC,7.675906,22.359702,47.679326,12.29406395
905.393,SCC,8.431373,22.447084,48.614073,12.23792656
910.129,SCC,8.6792454,21.6946445,48.812094,12.57175458
914.866,SCC,8.8815786,22.050486,49.44853,12.34668767
919.602,SCC,10.392365,21.992812,48.699763,12.13074204
924.339,SCC,10.910187,22.2498945,49.2674,12.05197396
929.075,SCC,10.961899,21.844869,50.53872,12.12114875
933.812,SCC,10.9886006,21.5248035,50.45097,12.08179434
938.549,SCC,10.680398,20.8603705,50.11776,11.93452266
943.285,SCC,10.678768,20.285643,48.315173,11.72141469
948.022,SCC,10.495821,19.686921,46.947306,11.40117761
952.758,SCC,9.602578,18.2823065,43.796074,10.92999438
957.495,SCC,9.429854,18.300462,43.08387,10.70038928
962.231,SCC,9.297743,18.477272,42.699245,10.63591162
966.968,SCC,9.3758665,18.733788,42.625284,10.65181012
971.704,SCC,9.613218,18.9311565,43.424124,10.72586663
976.441,SCC,10.0050025,19.223317,44.339126,10.89721747
981.178,SCC,10.231214,19.821954,45.743406,10.99975077
985.914,SCC,10.348977,20.360155,46.474555,11.27382636
990.651,SCC,10.868245,20.9641765,47.902098,11.47644212
995.387,SCC,11.00307,21.387774,48.604268,11.73806051
1000.12,SCC,11.0146254,21.7180545,49.476832,11.94559093
1004.86,SCC,11.350919,22.104016,50.36467,12.18681814
1009.6,SCC,11.702128,22.5171235,52.52449,12.39499021
1014.33,SCC,11.792717,23.151866,53.478545,12.64120432
1019.07,SCC,11.9668536,23.670617,54.453784,12.92410488
1023.81,SCC,12.213575,24.1285435,55.71964,13.19270523
1028.54,SCC,12.4683775,24.5969075,56.291884,13.45305861
1033.28,SCC,12.322848,25.059594,57.112104,13.70488413
1038.02,SCC,12.789871,25.615406,58.04104,13.93256675
1042.75,SCC,13.024132,26.1350585,58.521026,14.10752926
1047.49,SCC,13.178848,26.5001625,58.77872,14.17254903
1052.23,SCC,13.277219,26.6686585,58.242905,14.16169619
1056.96,SCC,13.320039,26.647803,57.88239,14.16408997
1061.7,SCC,13.395114,26.9995395,57.680315,14.18681906
1066.44,SCC,13.639054,27.374548,57.90101,14.24789725
1071.17,SCC,13.598673,27.588579,58.036864,14.27233768
1075.91,SCC,13.617021,28.0075295,59.22565,14.335035
1080.65,SCC,13.639969,28.09016,59.587955,14.30916326
1085.38,SCC,13.597734,27.905039,59.248555,14.30804887
1090.12,SCC,13.114753,28.074202,60.02099,14.3580099
1094.85,SCC,13.194445,27.9903,59.71922,14.3081387
1099.59,SCC,13.00813,28.0512125,59.86261,14.3251953
1104.33,SCC,12.824957,27.634615,59.982175,14.27249018
1109.06,SCC,12.364244,27.10242,58.718574,14.21823602
1113.8,SCC,12.284334,26.5616965,59.0379,14.15027294
1118.54,SCC,11.901763,25.433728,57.245433,13.65480785
1123.27,SCC,10.9651625,24.0635575,53.818184,12.86285993
1128.01,SCC,10.159363,21.5385995,49.639547,11.84393366
1132.75,SCC,8.973789,19.603372,45.269957,10.57973346
1137.48,SCC,8.2987554,17.1280065,40.35158,9.530733086
1142.22,SCC,7.445632,15.593225,37.570304,8.833897101
1146.96,SCC,7.0624046,14.804083,35.587457,8.313934073
1151.69,SCC,6.838597,14.2398255,34.392634,8.016479363
1156.43,SCC,6.743377,13.716266,34.051725,7.846859213
1161.17,SCC,6.5300286,13.785534,33.586243,7.680701526
1165.9,SCC,6.487283,13.6130725,33.229962,7.645777404
1170.64,SCC,6.342062,13.412228,32.81114,7.550794794
1175.38,SCC,6.2723674,13.0287145,31.938776,7.379824197
1180.11,SCC,6.112084,12.890856,31.667906,7.25656197
1184.85,SCC,6.0141094,12.8448325,31.431958,7.211035624
1189.59,SCC,6.1480362,12.731626,31.262264,7.186620205
1194.32,SCC,6.070704,12.785154,30.86983,7.227294947
1199.06,SCC,6.1006762,12.8558155,30.973724,7.237157358
1203.8,SCC,6.1508235,12.9254595,30.736876,7.254537447
1208.53,SCC,6.280107,13.0395235,30.983204,7.326242323
1213.27,SCC,6.348048,13.332044,31.53644,7.527677082
1218.01,SCC,6.571671,13.6685945,32.403573,7.69889265
1222.74,SCC,6.752656,13.996611,33.209905,7.911147065
1227.48,SCC,6.889353,14.4150855,34.130073,8.065210958
1232.22,SCC,7.03058,14.3634895,34.903765,8.239590377
1236.95,SCC,7.251362,14.784392,35.660377,8.393197589
1241.69,SCC,7.195086,14.869526,36.441484,8.58620997
1246.42,SCC,7.205113,15.083071,36.885506,8.651227962
1251.16,SCC,7.445008,15.1380975,36.991754,8.679046821
1255.9,SCC,7.3006466,15.0294875,37.790868,8.779786995
1260.63,SCC,7.238193,15.093614,37.430787,8.743153167
1265.37,SCC,7.103825,15.054774,37.324113,8.73298303
1270.11,SCC,7.1061015,14.796097,37.042853,8.67069778
1274.84,SCC,7.0866145,14.41649,37.067157,8.595918662
1279.58,SCC,6.798329,14.2551095,36.39888,8.476917956
1284.32,SCC,6.806283,14.021777,35.522497,8.284873901
1289.05,SCC,6.555184,13.7218305,34.840953,8.060724252
1293.79,SCC,6.310014,13.19538,33.910623,7.848052708
1298.53,SCC,5.989034,12.6224015,32.602432,7.543663834
1303.26,SCC,5.6322917,12.077116,31.49985,7.250641102
1308,SCC,5.2890684,11.43721305,30.163318,6.894485415
1312.74,SCC,5.0587174,10.698827,28.483146,6.509005763
1317.47,SCC,4.5949534,10.10772525,26.95505,6.133630975
1322.21,SCC,4.3064073,9.5165815,25.44526,5.797398569
1326.95,SCC,3.816364,8.9765502,23.763889,5.478840991
1331.68,SCC,3.5845455,8.3983445,22.757499,5.199863185
1336.42,SCC,3.2278996,7.7536453,21.451706,4.957538155
1341.16,SCC,2.9469548,7.2614743,20.872274,4.787145947
1345.89,SCC,2.6261099,6.76826875,20.105071,4.602679925
1350.63,SCC,2.384802,6.3067505,19.840364,4.46471076
1355.37,SCC,2.2486212,6.04683235,19.106933,4.310930419
1360.1,SCC,1.9576233,5.6338113,18.45675,4.168767315
1364.84,SCC,1.8112157,5.14776115,17.982747,3.875561022
1369.58,SCC,1.4880202,4.7903383,16.615312,3.677931612
1374.31,SCC,1.3563772,4.3177045,15.399402,3.34149685
1379.05,SCC,1.0418795,3.7509885,14.38576,3.019222808
1383.79,SCC,0.9118541,3.3296905,13.914071,2.751802283
1388.52,SCC,0.7235622,2.94248835,13.2626,2.596943833
1393.26,SCC,0.6707437,2.7797568,12.722692,2.466324173
1397.99,SCC,0.5217392,2.6111045,12.495691,2.365041045
1402.73,SCC,0.5110452,2.5033111,12.3454064,2.286916138
1407.47,SCC,0.4849465,2.47229485,11.794654,2.249765324
1412.2,SCC,0.5232379,2.40978905,11.918546,2.175575157
1416.94,SCC,0.4396893,2.35321705,11.7044,2.159659391
1421.68,SCC,0.4583792,2.36185865,11.531299,2.149406082
1426.41,SCC,0.446489,2.3135535,11.554152,2.115535632
1431.15,SCC,0.4619852,2.35849165,11.5250744,2.108427686
1435.89,SCC,0.5127432,2.3543264,11.367299,2.103914829
1440.62,SCC,0.4728691,2.2501622,11.290573,2.082161989
1445.36,SCC,0.4518461,2.29769875,11.435467,2.101396312
1450.1,SCC,0.4914005,2.3414223,11.294517,2.094781296
1454.83,SCC,0.482969,2.32333155,11.121167,2.090232187
1459.57,SCC,0.4947078,2.3290174,11.1754484,2.072348031
1464.31,SCC,0.5100267,2.35070215,10.954472,2.069054053
1469.04,SCC,0.5238719,2.35575595,10.915534,2.092875608
1473.78,SCC,0.5740671,2.40949485,11.0551864,2.075999123
1478.52,SCC,0.5298527,2.4064677,10.612563,2.094788482
1483.25,SCC,0.5073021,2.4582627,10.5696835,2.128552941
1487.99,SCC,0.5536558,2.4779658,10.4491435,2.142317899
1492.73,SCC,0.6083782,2.5650388,10.391993,2.134768183
1497.46,SCC,0.5656566,2.6474334,10.675071,2.231248654
1502.2,SCC,0.6102414,2.7473052,10.504294,2.244583904
1506.94,SCC,0.6871166,2.8687195,10.6024094,2.277454879
1511.67,SCC,0.7148749,2.99945485,10.882605,2.315428852
1516.41,SCC,0.7140732,3.03475195,10.9192036,2.35789068
1521.15,SCC,0.6750241,3.16197055,11.136,2.46395267
1525.88,SCC,0.7636502,3.2148815,11.061026,2.416507243
1530.62,SCC,0.7392197,3.34038725,10.9642856,2.47089754
1535.35,SCC,0.8083141,3.4069006,11.344538,2.503197706
1540.09,SCC,0.8750995,3.55330665,12.045454,2.548201977
1544.83,SCC,0.8524002,3.615031,11.989223,2.677608727
1549.56,SCC,0.942873,3.754987,11.775529,2.655515961
1554.3,SCC,0.9677419,3.96178965,12.0190024,2.68545774
1559.04,SCC,0.9013786,4.0011435,11.8994415,2.759223115
1563.77,SCC,0.8507348,4.1162316,12.11778,2.794105454
1568.51,SCC,0.7161459,4.2775728,12.204473,2.95598139
1573.25,SCC,0.7112376,4.18941135,12.584777,2.978044032
1577.98,SCC,0.5709625,4.42035,12.786596,3.182854919
1582.72,SCC,0.3773585,4.6673287,12.783505,3.307789085
1587.46,SCC,0.4410144,5,13.318536,3.51592156
1592.19,SCC,-0.5181347,5.11448405,13.452914,3.970601858
1596.93,SCC,-0.7911393,5.33103085,14.580032,4.419054114
1601.67,SCC,-1.3333334,5.54530545,15.384616,4.790592486
1606.4,SCC,-2.173913,5.8541365,16.344085,5.45537935
900.656,AK,11.2860896,24.2849545,43.08094,9.636325299
905.393,AK,11.685393,24.700375,43.341404,9.832887803
910.129,AK,11.737089,24.83434,43.98148,9.880476787
914.866,AK,12.156863,24.590374,42.857143,9.619927131
919.602,AK,13.66539,24.567474,42.65403,9.006657225
924.339,AK,14.203821,24.561689,42.264852,8.855463373
929.075,AK,14.920013,24.829058,42.344826,8.773096149
933.812,AK,14.6899,25.050375,42.778492,8.73341186
938.549,AK,14.61626,24.807809,42.088568,8.622730006
943.285,AK,14.445233,24.905841,41.12312,8.53562238
948.022,AK,14.239419,25.481848,41.39277,8.441128172
952.758,AK,13.7159,24.6193095,39.758003,8.110962315
957.495,AK,13.67816,24.1440125,39.37388,8.16171726
962.231,AK,13.69996,24.0907865,39.512995,8.290823869
966.968,AK,13.46591,24.373488,38.963008,8.350729937
971.704,AK,13.740458,24.3463715,39.597604,8.285331821
976.441,AK,13.68861,24.911839,39.417577,8.164190388
981.178,AK,14.148681,25.208324,40.347722,8.053358423
985.914,AK,14.51823,25.218675,40.41641,7.990250323
990.651,AK,14.591195,25.0292675,41.157556,8.111868117
995.387,AK,15.39726,25.104622,41.647196,8.212416419
1000.12,AK,15.369898,25.4217995,41.967043,8.362638264
1004.86,AK,15.543613,25.6105555,42.36672,8.447977869
1009.6,AK,15.910754,25.949624,43.287373,8.630649861
1014.33,AK,16.118118,26.284503,44.537038,8.806899787
1019.07,AK,16.330804,26.5807725,45.151117,9.019573049
1023.81,AK,16.26751,27.086036,46.001756,9.258461847
1028.54,AK,16.548602,27.688155,46.60547,9.406682827
1033.28,AK,16.644183,28.1086565,47.457007,9.634117998
1038.02,AK,17.110778,28.616133,47.923064,9.723678333
1042.75,AK,17.081463,28.861822,48.8668,9.905033891
1047.49,AK,17.553122,28.9722625,49.501497,10.05634925
1052.23,AK,17.437916,29.9917085,50.173914,10.11653339
1056.96,AK,17.631835,31.085049,51.00233,10.29499832
1061.7,AK,17.583863,31.2950715,51.95997,10.69376614
1066.44,AK,17.215662,31.34404,52.90493,11.06860216
1071.17,AK,17.486583,31.9446035,52.52141,11.14538393
1075.91,AK,17.460318,32.135017,52.9878,11.16812002
1080.65,AK,17.481358,32.55576,52.196836,10.92314417
1085.38,AK,17.976424,32.301226,52.44029,10.77800353
1090.12,AK,17.913593,31.436798,52.44041,10.55176914
1094.85,AK,17.118998,30.6620875,51.5625,10.4499636
1099.59,AK,17.328918,30.0285615,51.16751,10.40591683
1104.33,AK,16.365281,29.5507745,50.48733,10.42829516
1109.06,AK,17.161717,28.862639,49.687222,10.23204125
1113.8,AK,16.666667,28.0143925,49.063963,10.05371836
1118.54,AK,15.992036,26.954114,46.765846,9.807036455
1123.27,AK,15.253203,25.6999415,44.45145,9.131904129
1128.01,AK,14.408602,24.019909,40.289256,8.423139175
1132.75,AK,13.539074,21.772103,36.58205,7.567662827
1137.48,AK,11.297585,19.8371455,33.18999,6.960164204
1142.22,AK,11.161731,18.534046,31.11588,6.451000796
1146.96,AK,10.594487,17.4410595,29.686457,6.096932369
1151.69,AK,10.033043,16.865005,28.608847,5.955882134
1156.43,AK,9.560811,16.257885,27.91633,5.8681327
1161.17,AK,9.284432,16.042218,27.567297,5.729464688
1165.9,AK,9.2695884,15.7645435,27.180967,5.648091816
1170.64,AK,9.059157,15.139143,26.45939,5.616168092
1175.38,AK,9.060068,14.828876,25.850207,5.466190545
1180.11,AK,8.9298755,14.508442,25.27179,5.366629794
1184.85,AK,8.811726,14.320236,24.958068,5.318305481
1189.59,AK,8.9425586,14.2169795,24.909349,5.335566784
1194.32,AK,8.8212214,14.051514,24.882343,5.326055089
1199.06,AK,8.758315,14.1158105,25.21894,5.322881242
1203.8,AK,8.77394,14.1240525,25.288984,5.348703892
1208.53,AK,8.7804876,14.4297215,25.589624,5.471585195
1213.27,AK,9.02498,15.0164975,26.535997,5.568562774
1218.01,AK,9.550173,15.620295,27.274668,5.714777224
1222.74,AK,9.795057,16.367932,28.011134,5.860374812
1227.48,AK,9.864654,16.644779,28.30293,5.907662259
1232.22,AK,10.0567,17.040377,28.992963,6.056766049
1236.95,AK,10.049112,17.211279,29.587156,6.202640661
1241.69,AK,10.262908,17.70436,29.806453,6.239798152
1246.42,AK,10.2564104,17.839459,30.120847,6.307235354
1251.16,AK,10.4543775,18.1702785,30.164647,6.341839278
1255.9,AK,10.5686694,18.154827,30.117995,6.449649237
1260.63,AK,10.326449,17.890148,30.350664,6.467048587
1265.37,AK,10.3815205,18.065577,30.04176,6.391591962
1270.11,AK,10.034347,17.866654,30.266404,6.392700175
1274.84,AK,9.882992,17.604501,29.958487,6.349711736
1279.58,AK,9.798215,17.604281,29.240534,6.220584536
1284.32,AK,9.731678,17.3452235,29.004243,6.116435962
1289.05,AK,9.570181,16.9552145,28.22776,6.035958555
1293.79,AK,9.156999,16.4890785,27.8363,5.905453447
1298.53,AK,8.9655176,16.272008,26.892874,5.73952413
1303.26,AK,8.562241,15.4952095,26.27346,5.583358087
1308,AK,8.1092805,14.872107,25.423974,5.441423445
1312.74,AK,7.568176,14.1414965,24.586895,5.289773087
1317.47,AK,7.045857,13.3396775,23.199895,5.109931982
1322.21,AK,6.5642096,12.51146525,22.146554,4.939333149
1326.95,AK,5.8980282,11.6654393,21.215504,4.801053856
1331.68,AK,5.5182826,11.0694993,20.30157,4.646686165
1336.42,AK,5.0927434,10.3036043,19.170292,4.489436355
1341.16,AK,4.596689,9.4991,18.158427,4.367363469
1345.89,AK,4.2896174,9.10613,17.663477,4.216275108
1350.63,AK,3.762771,8.577404,16.78669,4.098639217
1355.37,AK,3.355846,7.98006545,15.803939,3.968860308
1360.1,AK,2.9797643,7.5556278,15.292493,3.90283887
1364.84,AK,2.7272727,7.025385,14.665227,3.736685467
1369.58,AK,2.4562957,6.7094938,13.37922,3.554211257
1374.31,AK,2.0869566,5.9168749,12.568885,3.335256168
1379.05,AK,1.6271187,5.34110665,11.8489586,3.110102049
1383.79,AK,1.4643545,4.80856445,10.959921,2.932571637
1388.52,AK,1.1090226,4.43155895,10.340595,2.824308005
1393.26,AK,1.0311111,4.0313513,10.0892514,2.675564534
1397.99,AK,0.9583859,3.6530009,9.81125,2.552588514
1402.73,AK,0.8395523,3.46573335,9.171388,2.453968794
1407.47,AK,0.8863565,3.3514226,8.742799,2.377713346
1412.2,AK,0.7162041,3.18055205,8.817,2.316275658
1416.94,AK,0.7314329,3.2611994,9.068924,2.30869213
1421.68,AK,0.7508917,3.2308057,8.486692,2.269750477
1426.41,AK,0.6623613,3.18393765,8.486871,2.213942414
1431.15,AK,0.6011164,3.01105955,8.4637366,2.209127789
1435.89,AK,0.7276696,3.0216775,8.5236914,2.177868174
1440.62,AK,0.7276764,3.0539427,8.202015,2.114467598
1445.36,AK,0.8109361,3.04672595,8.1044294,2.114930692
1450.1,AK,0.7619488,3.09727545,8.2865514,2.143574745
1454.83,AK,0.7851759,3.06834465,8.176727,2.099415897
1459.57,AK,0.818468,3.0744143,7.957592,2.122016992
1464.31,AK,0.7647741,3.0268804,8.142875,2.115642121
1469.04,AK,0.7929515,3.1571655,8.026085,2.125372087
1473.78,AK,0.8510081,3.1739159,8.056065,2.093137833
1478.52,AK,0.8332231,3.1990952,8.2047,2.1104603
1483.25,AK,0.8868023,3.3081852,8.2280256,2.09918982
1487.99,AK,0.8121278,3.26546615,8.128759,2.091607424
1492.73,AK,0.978166,3.4249247,8.166636,2.122410455
1497.46,AK,0.9113347,3.51718235,8.4375,2.170128405
1502.2,AK,0.8891214,3.5587648,8.456221,2.185380873
1506.94,AK,1.1040093,3.6616617,8.517268,2.160167866
1511.67,AK,1.0433828,3.762118,8.849936,2.231705538
1516.41,AK,1.2234617,3.8905166,9.383977,2.273153428
1521.15,AK,1.2803677,3.9988664,9.275163,2.345085028
1525.88,AK,1.4025246,4.21745165,9.336251,2.343161511
1530.62,AK,1.2723845,4.3020253,9.3650796,2.437887204
1535.35,AK,1.2465914,4.42983135,9.702405,2.474680753
1540.09,AK,1.641719,4.6358069,10.2783725,2.427312118
1544.83,AK,1.4650283,4.7155785,10.554804,2.568113642
1549.56,AK,1.6091954,4.7293088,10.678308,2.633106246
1554.3,AK,1.71737,4.92966235,10.459184,2.685116907
1559.04,AK,1.8716577,4.994206,10.810811,2.5501127
1563.77,AK,1.6046213,5.093297,10.810811,2.758034019
1568.51,AK,1.7802333,5.27535325,10.5969146,2.756300662
1573.25,AK,1.710731,5.45196255,11.9501464,2.871785905
1577.98,AK,1.5424165,5.55336435,11.5875915,2.85683097
1582.72,AK,1.4752371,5.66816605,12.1364094,3.100918623
1587.46,AK,1.4508928,5.8974646,12.078978,3.143514783
1592.19,AK,0.949367,6.369884,13.037975,3.768571512
1596.93,AK,0.5555556,6.4467265,13.713405,4.036744217
1601.67,AK,0,6.6876275,14.092664,4.376755019
1606.4,AK,-0.2469136,7.118774,15.963855,5.091723599
